Date,Hospital,Drug,Opening_Balance,Quantity_Received,Consumption,Losses_Adjustments,Closing_Balance,Days_Out_of_Stock
2020-01-01,Tatale District Hospital,Amlodipine 5mg,1435,0,626,18,791,0
2020-02-01,Tatale District Hospital,Amlodipine 5mg,791,0,649,11,131,9
2020-03-01,Tatale District Hospital,Amlodipine 5mg,131,1947,646,2,1430,0
2020-04-01,Tatale District Hospital,Amlodipine 5mg,1430,0,595,21,814,0
2020-05-01,Tatale District Hospital,Amlodipine 5mg,814,0,686,2,126,7
2020-06-01,Tatale District Hospital,Amlodipine 5mg,126,2082,685,1,1522,0
2020-07-01,Tatale District Hospital,Amlodipine 5mg,1522,0,671,0,851,0
2020-08-01,Tatale District Hospital,Amlodipine 5mg,851,0,598,12,241,0
2020-09-01,Tatale District Hospital,Amlodipine 5mg,241,1870,512,0,1599,0
2020-10-01,Tatale District Hospital,Amlodipine 5mg,1599,1621,475,31,2714,0
2020-11-01,Tatale District Hospital,Amlodipine 5mg,2714,0,553,31,2130,0
2020-12-01,Tatale District Hospital,Amlodipine 5mg,2130,1597,611,4,3112,0
2021-01-01,Tatale District Hospital,Amlodipine 5mg,3112,0,673,40,2399,0
2021-02-01,Tatale District Hospital,Amlodipine 5mg,2399,1697,610,32,3454,0
2021-03-01,Tatale District Hospital,Amlodipine 5mg,3454,0,660,64,2730,0
2021-04-01,Tatale District Hospital,Amlodipine 5mg,2730,1865,608,49,3938,0
2021-05-01,Tatale District Hospital,Amlodipine 5mg,3938,0,709,33,3196,0
2021-06-01,Tatale District Hospital,Amlodipine 5mg,3196,1519,703,53,3959,0
2021-07-01,Tatale District Hospital,Amlodipine 5mg,3959,0,586,65,3308,0
2021-08-01,Tatale District Hospital,Amlodipine 5mg,3308,1767,611,0,4464,0
2021-09-01,Tatale District Hospital,Amlodipine 5mg,4464,1750,502,68,5644,0
2021-10-01,Tatale District Hospital,Amlodipine 5mg,5644,0,571,46,5027,0
2021-11-01,Tatale District Hospital,Amlodipine 5mg,5027,0,511,55,4461,0
2021-12-01,Tatale District Hospital,Amlodipine 5mg,4461,1571,553,26,5453,0
2022-01-01,Tatale District Hospital,Amlodipine 5mg,5453,0,603,79,4771,0
2022-02-01,Tatale District Hospital,Amlodipine 5mg,4771,0,731,81,3959,0
2022-03-01,Tatale District Hospital,Amlodipine 5mg,3959,1800,747,5,5007,0
2022-04-01,Tatale District Hospital,Amlodipine 5mg,5007,1997,643,89,6272,0
2022-05-01,Tatale District Hospital,Amlodipine 5mg,6272,0,619,27,5626,0
2022-06-01,Tatale District Hospital,Amlodipine 5mg,5626,1981,753,64,6790,0
2022-07-01,Tatale District Hospital,Amlodipine 5mg,6790,0,679,92,6019,0
2022-08-01,Tatale District Hospital,Amlodipine 5mg,6019,1618,706,59,6872,0
2022-09-01,Tatale District Hospital,Amlodipine 5mg,6872,0,574,75,6223,0
2022-10-01,Tatale District Hospital,Amlodipine 5mg,6223,1777,516,27,7457,0
2022-11-01,Tatale District Hospital,Amlodipine 5mg,7457,0,633,23,6801,0
2022-12-01,Tatale District Hospital,Amlodipine 5mg,6801,1550,590,64,7697,0
2023-01-01,Tatale District Hospital,Amlodipine 5mg,7697,0,647,97,6953,0
2023-02-01,Tatale District Hospital,Amlodipine 5mg,6953,0,663,16,6274,0
2023-03-01,Tatale District Hospital,Amlodipine 5mg,6274,0,726,42,5506,0
2023-04-01,Tatale District Hospital,Amlodipine 5mg,5506,0,649,57,4800,0
2023-05-01,Tatale District Hospital,Amlodipine 5mg,4800,0,817,15,3968,0
2023-06-01,Tatale District Hospital,Amlodipine 5mg,3968,1833,670,13,5118,0
2023-07-01,Tatale District Hospital,Amlodipine 5mg,5118,0,689,38,4391,0
2023-08-01,Tatale District Hospital,Amlodipine 5mg,4391,1870,562,73,5626,0
2023-09-01,Tatale District Hospital,Amlodipine 5mg,5626,1610,642,9,6585,0
2023-10-01,Tatale District Hospital,Amlodipine 5mg,6585,0,628,33,5924,0
2023-11-01,Tatale District Hospital,Amlodipine 5mg,5924,0,695,75,5154,0
2023-12-01,Tatale District Hospital,Amlodipine 5mg,5154,1667,660,79,6082,0
2024-01-01,Tatale District Hospital,Amlodipine 5mg,6082,0,767,107,5208,0
2024-02-01,Tatale District Hospital,Amlodipine 5mg,5208,0,739,39,4430,0
2024-03-01,Tatale District Hospital,Amlodipine 5mg,4430,2061,680,43,5768,0
2024-04-01,Tatale District Hospital,Amlodipine 5mg,5768,1694,858,52,6552,0
2024-05-01,Tatale District Hospital,Amlodipine 5mg,6552,0,794,40,5718,0
2024-06-01,Tatale District Hospital,Amlodipine 5mg,5718,1538,872,32,6352,0
2024-07-01,Tatale District Hospital,Amlodipine 5mg,6352,0,659,69,5624,0
2024-08-01,Tatale District Hospital,Amlodipine 5mg,5624,1926,718,64,6768,0
2024-09-01,Tatale District Hospital,Amlodipine 5mg,6768,1741,732,128,7649,0
2024-10-01,Tatale District Hospital,Amlodipine 5mg,7649,1841,615,41,8834,0
2024-11-01,Tatale District Hospital,Amlodipine 5mg,8834,0,684,9,8141,0
2024-12-01,Tatale District Hospital,Amlodipine 5mg,8141,1847,721,159,9108,0
2020-01-01,Tatale District Hospital,Lisinopril 10mg,1176,0,523,5,648,0
2020-02-01,Tatale District Hospital,Lisinopril 10mg,648,0,491,3,154,0
2020-03-01,Tatale District Hospital,Lisinopril 10mg,154,0,553,0,0,8
2020-04-01,Tatale District Hospital,Lisinopril 10mg,0,0,544,0,0,11
2020-05-01,Tatale District Hospital,Lisinopril 10mg,0,0,545,0,0,3
2020-06-01,Tatale District Hospital,Lisinopril 10mg,0,1564,513,0,1051,0
2020-07-01,Tatale District Hospital,Lisinopril 10mg,1051,0,528,1,522,0
2020-08-01,Tatale District Hospital,Lisinopril 10mg,522,0,436,7,79,0
2020-09-01,Tatale District Hospital,Lisinopril 10mg,79,0,421,0,0,13
2020-10-01,Tatale District Hospital,Lisinopril 10mg,0,0,423,0,0,10
2020-11-01,Tatale District Hospital,Lisinopril 10mg,0,0,427,0,0,10
2020-12-01,Tatale District Hospital,Lisinopril 10mg,0,1618,406,0,1212,0
2021-01-01,Tatale District Hospital,Lisinopril 10mg,1212,0,475,20,717,0
2021-02-01,Tatale District Hospital,Lisinopril 10mg,717,0,585,1,131,0
2021-03-01,Tatale District Hospital,Lisinopril 10mg,131,1577,569,2,1137,0
2021-04-01,Tatale District Hospital,Lisinopril 10mg,1137,0,621,21,495,0
2021-05-01,Tatale District Hospital,Lisinopril 10mg,495,0,472,2,21,7
2021-06-01,Tatale District Hospital,Lisinopril 10mg,21,1575,540,0,1056,0
2021-07-01,Tatale District Hospital,Lisinopril 10mg,1056,0,547,17,492,0
2021-08-01,Tatale District Hospital,Lisinopril 10mg,492,0,486,1,5,0
2021-09-01,Tatale District Hospital,Lisinopril 10mg,5,0,397,0,0,8
2021-10-01,Tatale District Hospital,Lisinopril 10mg,0,1550,396,0,1154,0
2021-11-01,Tatale District Hospital,Lisinopril 10mg,1154,0,487,19,648,0
2021-12-01,Tatale District Hospital,Lisinopril 10mg,648,1253,443,5,1453,0
2022-01-01,Tatale District Hospital,Lisinopril 10mg,1453,0,443,12,998,0
2022-02-01,Tatale District Hospital,Lisinopril 10mg,998,1302,550,0,1750,0
2022-03-01,Tatale District Hospital,Lisinopril 10mg,1750,0,598,22,1130,0
2022-04-01,Tatale District Hospital,Lisinopril 10mg,1130,0,608,21,501,0
2022-05-01,Tatale District Hospital,Lisinopril 10mg,501,0,517,4,0,14
2022-06-01,Tatale District Hospital,Lisinopril 10mg,0,1401,491,0,910,0
2022-07-01,Tatale District Hospital,Lisinopril 10mg,910,0,577,1,332,0
2022-08-01,Tatale District Hospital,Lisinopril 10mg,332,0,501,0,0,6
2022-09-01,Tatale District Hospital,Lisinopril 10mg,0,0,452,0,0,2
2022-10-01,Tatale District Hospital,Lisinopril 10mg,0,0,441,0,0,6
2022-11-01,Tatale District Hospital,Lisinopril 10mg,0,0,526,0,0,3
2022-12-01,Tatale District Hospital,Lisinopril 10mg,0,1603,481,0,1122,0
2023-01-01,Tatale District Hospital,Lisinopril 10mg,1122,0,523,20,579,0
2023-02-01,Tatale District Hospital,Lisinopril 10mg,579,0,495,2,82,11
2023-03-01,Tatale District Hospital,Lisinopril 10mg,82,0,642,0,0,0
2023-04-01,Tatale District Hospital,Lisinopril 10mg,0,0,630,0,0,0
2023-05-01,Tatale District Hospital,Lisinopril 10mg,0,0,594,0,0,0
2023-06-01,Tatale District Hospital,Lisinopril 10mg,0,1518,594,0,924,0
2023-07-01,Tatale District Hospital,Lisinopril 10mg,924,0,618,7,299,0
2023-08-01,Tatale District Hospital,Lisinopril 10mg,299,1321,514,4,1102,0
2023-09-01,Tatale District Hospital,Lisinopril 10mg,1102,1565,469,17,2181,0
2023-10-01,Tatale District Hospital,Lisinopril 10mg,2181,0,461,3,1717,0
2023-11-01,Tatale District Hospital,Lisinopril 10mg,1717,0,470,32,1215,0
2023-12-01,Tatale District Hospital,Lisinopril 10mg,1215,1468,573,11,2099,0
2024-01-01,Tatale District Hospital,Lisinopril 10mg,2099,0,484,35,1580,0
2024-02-01,Tatale District Hospital,Lisinopril 10mg,1580,0,546,19,1015,0
2024-03-01,Tatale District Hospital,Lisinopril 10mg,1015,1366,696,8,1677,0
2024-04-01,Tatale District Hospital,Lisinopril 10mg,1677,0,698,26,953,0
2024-05-01,Tatale District Hospital,Lisinopril 10mg,953,0,574,1,378,0
2024-06-01,Tatale District Hospital,Lisinopril 10mg,378,1264,641,0,1001,0
2024-07-01,Tatale District Hospital,Lisinopril 10mg,1001,0,624,1,376,0
2024-08-01,Tatale District Hospital,Lisinopril 10mg,376,1183,609,3,947,0
2024-09-01,Tatale District Hospital,Lisinopril 10mg,947,0,565,5,377,0
2024-10-01,Tatale District Hospital,Lisinopril 10mg,377,0,551,1,0,0
2024-11-01,Tatale District Hospital,Lisinopril 10mg,0,0,558,0,0,0
2024-12-01,Tatale District Hospital,Lisinopril 10mg,0,1374,494,0,880,0
2020-01-01,Tatale District Hospital,Metformin 500mg,2937,0,1145,0,1792,0
2020-02-01,Tatale District Hospital,Metformin 500mg,1792,3544,1299,15,4022,0
2020-03-01,Tatale District Hospital,Metformin 500mg,4022,3578,1107,53,6440,0
2020-04-01,Tatale District Hospital,Metformin 500mg,6440,0,1135,84,5221,0
2020-05-01,Tatale District Hospital,Metformin 500mg,5221,0,1356,37,3828,0
2020-06-01,Tatale District Hospital,Metformin 500mg,3828,3882,1380,59,6271,0
2020-07-01,Tatale District Hospital,Metformin 500mg,6271,0,994,100,5177,0
2020-08-01,Tatale District Hospital,Metformin 500mg,5177,0,1045,103,4029,0
2020-09-01,Tatale District Hospital,Metformin 500mg,4029,0,975,58,2996,0
2020-10-01,Tatale District Hospital,Metformin 500mg,2996,0,1121,19,1856,0
2020-11-01,Tatale District Hospital,Metformin 500mg,1856,0,1165,15,676,0
2020-12-01,Tatale District Hospital,Metformin 500mg,676,3329,1059,9,2937,0
2021-01-01,Tatale District Hospital,Metformin 500mg,2937,0,1081,41,1815,0
2021-02-01,Tatale District Hospital,Metformin 500mg,1815,0,1105,24,686,0
2021-03-01,Tatale District Hospital,Metformin 500mg,686,0,1204,10,0,6
2021-04-01,Tatale District Hospital,Metformin 500mg,0,3228,1473,0,1755,0
2021-05-01,Tatale District Hospital,Metformin 500mg,1755,0,1258,0,497,0
2021-06-01,Tatale District Hospital,Metformin 500mg,497,3455,1432,5,2515,0
2021-07-01,Tatale District Hospital,Metformin 500mg,2515,0,1142,41,1332,0
2021-08-01,Tatale District Hospital,Metformin 500mg,1332,3917,1140,3,4106,0
2021-09-01,Tatale District Hospital,Metformin 500mg,4106,0,1198,7,2901,0
2021-10-01,Tatale District Hospital,Metformin 500mg,2901,3374,985,25,5265,0
2021-11-01,Tatale District Hospital,Metformin 500mg,5265,0,1156,12,4097,0
2021-12-01,Tatale District Hospital,Metformin 500mg,4097,3643,1260,66,6414,0
2022-01-01,Tatale District Hospital,Metformin 500mg,6414,0,1098,30,5286,0
2022-02-01,Tatale District Hospital,Metformin 500mg,5286,3673,1381,45,7533,0
2022-03-01,Tatale District Hospital,Metformin 500mg,7533,3266,1229,135,9435,0
2022-04-01,Tatale District Hospital,Metformin 500mg,9435,3118,1616,14,10923,0
2022-05-01,Tatale District Hospital,Metformin 500mg,10923,0,1370,185,9368,0
2022-06-01,Tatale District Hospital,Metformin 500mg,9368,2932,1197,55,11048,0
2022-07-01,Tatale District Hospital,Metformin 500mg,11048,0,1307,87,9654,0
2022-08-01,Tatale District Hospital,Metformin 500mg,9654,0,1074,12,8568,0
2022-09-01,Tatale District Hospital,Metformin 500mg,8568,3227,1120,83,10592,0
2022-10-01,Tatale District Hospital,Metformin 500mg,10592,0,1199,126,9267,0
2022-11-01,Tatale District Hospital,Metformin 500mg,9267,0,1234,84,7949,0
2022-12-01,Tatale District Hospital,Metformin 500mg,7949,3230,1330,29,9820,0
2023-01-01,Tatale District Hospital,Metformin 500mg,9820,0,1277,135,8408,0
2023-02-01,Tatale District Hospital,Metformin 500mg,8408,3060,1320,71,10077,0
2023-03-01,Tatale District Hospital,Metformin 500mg,10077,0,1282,171,8624,0
2023-04-01,Tatale District Hospital,Metformin 500mg,8624,4000,1376,96,11152,0
2023-05-01,Tatale District Hospital,Metformin 500mg,11152,0,1301,52,9799,0
2023-06-01,Tatale District Hospital,Metformin 500mg,9799,3988,1448,15,12324,0
2023-07-01,Tatale District Hospital,Metformin 500mg,12324,0,1531,66,10727,0
2023-08-01,Tatale District Hospital,Metformin 500mg,10727,3174,1100,90,12711,0
2023-09-01,Tatale District Hospital,Metformin 500mg,12711,0,1062,227,11422,0
2023-10-01,Tatale District Hospital,Metformin 500mg,11422,0,1262,33,10127,0
2023-11-01,Tatale District Hospital,Metformin 500mg,10127,0,1356,179,8592,0
2023-12-01,Tatale District Hospital,Metformin 500mg,8592,3905,1112,61,11324,0
2024-01-01,Tatale District Hospital,Metformin 500mg,11324,0,1451,80,9793,0
2024-02-01,Tatale District Hospital,Metformin 500mg,9793,0,1259,29,8505,0
2024-03-01,Tatale District Hospital,Metformin 500mg,8505,0,1443,22,7040,0
2024-04-01,Tatale District Hospital,Metformin 500mg,7040,3333,1691,31,8651,0
2024-05-01,Tatale District Hospital,Metformin 500mg,8651,0,1565,78,7008,0
2024-06-01,Tatale District Hospital,Metformin 500mg,7008,3208,1548,60,8608,0
2024-07-01,Tatale District Hospital,Metformin 500mg,8608,0,1398,56,7154,0
2024-08-01,Tatale District Hospital,Metformin 500mg,7154,0,1188,6,5960,0
2024-09-01,Tatale District Hospital,Metformin 500mg,5960,3749,1415,28,8266,0
2024-10-01,Tatale District Hospital,Metformin 500mg,8266,3045,1164,115,10032,0
2024-11-01,Tatale District Hospital,Metformin 500mg,10032,0,1309,75,8648,0
2024-12-01,Tatale District Hospital,Metformin 500mg,8648,3222,1382,64,10424,0
2020-01-01,Tatale District Hospital,Atorvastatin 20mg,625,0,269,9,347,0
2020-02-01,Tatale District Hospital,Atorvastatin 20mg,347,690,302,4,731,0
2020-03-01,Tatale District Hospital,Atorvastatin 20mg,731,0,292,11,428,0
2020-04-01,Tatale District Hospital,Atorvastatin 20mg,428,852,248,3,1029,0
2020-05-01,Tatale District Hospital,Atorvastatin 20mg,1029,0,291,13,725,0
2020-06-01,Tatale District Hospital,Atorvastatin 20mg,725,681,269,0,1137,0
2020-07-01,Tatale District Hospital,Atorvastatin 20mg,1137,0,257,7,873,0
2020-08-01,Tatale District Hospital,Atorvastatin 20mg,873,646,270,5,1244,0
2020-09-01,Tatale District Hospital,Atorvastatin 20mg,1244,734,251,10,1717,0
2020-10-01,Tatale District Hospital,Atorvastatin 20mg,1717,0,221,27,1469,0
2020-11-01,Tatale District Hospital,Atorvastatin 20mg,1469,0,254,3,1212,0
2020-12-01,Tatale District Hospital,Atorvastatin 20mg,1212,695,241,5,1661,0
2021-01-01,Tatale District Hospital,Atorvastatin 20mg,1661,0,260,13,1388,0
2021-02-01,Tatale District Hospital,Atorvastatin 20mg,1388,825,282,26,1905,0
2021-03-01,Tatale District Hospital,Atorvastatin 20mg,1905,0,317,29,1559,0
2021-04-01,Tatale District Hospital,Atorvastatin 20mg,1559,832,249,21,2121,0
2021-05-01,Tatale District Hospital,Atorvastatin 20mg,2121,0,284,27,1810,0
2021-06-01,Tatale District Hospital,Atorvastatin 20mg,1810,683,287,13,2193,0
2021-07-01,Tatale District Hospital,Atorvastatin 20mg,2193,0,296,39,1858,0
2021-08-01,Tatale District Hospital,Atorvastatin 20mg,1858,876,226,34,2474,0
2021-09-01,Tatale District Hospital,Atorvastatin 20mg,2474,818,213,29,3050,0
2021-10-01,Tatale District Hospital,Atorvastatin 20mg,3050,798,271,10,3567,0
2021-11-01,Tatale District Hospital,Atorvastatin 20mg,3567,0,236,8,3323,0
2021-12-01,Tatale District Hospital,Atorvastatin 20mg,3323,831,222,64,3868,0
2022-01-01,Tatale District Hospital,Atorvastatin 20mg,3868,0,294,67,3507,0
2022-02-01,Tatale District Hospital,Atorvastatin 20mg,3507,860,266,66,4035,0
2022-03-01,Tatale District Hospital,Atorvastatin 20mg,4035,0,336,3,3696,0
2022-04-01,Tatale District Hospital,Atorvastatin 20mg,3696,667,313,68,3982,0
2022-05-01,Tatale District Hospital,Atorvastatin 20mg,3982,0,262,25,3695,0
2022-06-01,Tatale District Hospital,Atorvastatin 20mg,3695,881,302,28,4246,0
2022-07-01,Tatale District Hospital,Atorvastatin 20mg,4246,0,289,15,3942,0
2022-08-01,Tatale District Hospital,Atorvastatin 20mg,3942,0,295,32,3615,0
2022-09-01,Tatale District Hospital,Atorvastatin 20mg,3615,677,223,32,4037,0
2022-10-01,Tatale District Hospital,Atorvastatin 20mg,4037,826,270,10,4583,0
2022-11-01,Tatale District Hospital,Atorvastatin 20mg,4583,0,273,73,4237,0
2022-12-01,Tatale District Hospital,Atorvastatin 20mg,4237,776,269,45,4699,0
2023-01-01,Tatale District Hospital,Atorvastatin 20mg,4699,0,297,33,4369,0
2023-02-01,Tatale District Hospital,Atorvastatin 20mg,4369,662,293,51,4687,0
2023-03-01,Tatale District Hospital,Atorvastatin 20mg,4687,657,302,10,5032,0
2023-04-01,Tatale District Hospital,Atorvastatin 20mg,5032,0,273,84,4675,0
2023-05-01,Tatale District Hospital,Atorvastatin 20mg,4675,0,336,36,4303,0
2023-06-01,Tatale District Hospital,Atorvastatin 20mg,4303,682,323,25,4637,0
2023-07-01,Tatale District Hospital,Atorvastatin 20mg,4637,0,271,54,4312,0
2023-08-01,Tatale District Hospital,Atorvastatin 20mg,4312,667,259,64,4656,0
2023-09-01,Tatale District Hospital,Atorvastatin 20mg,4656,787,260,82,5101,0
2023-10-01,Tatale District Hospital,Atorvastatin 20mg,5101,804,296,71,5538,0
2023-11-01,Tatale District Hospital,Atorvastatin 20mg,5538,0,230,86,5222,0
2023-12-01,Tatale District Hospital,Atorvastatin 20mg,5222,833,265,46,5744,0
2024-01-01,Tatale District Hospital,Atorvastatin 20mg,5744,0,287,91,5366,0
2024-02-01,Tatale District Hospital,Atorvastatin 20mg,5366,0,317,44,5005,0
2024-03-01,Tatale District Hospital,Atorvastatin 20mg,5005,0,349,34,4622,0
2024-04-01,Tatale District Hospital,Atorvastatin 20mg,4622,856,350,40,5088,0
2024-05-01,Tatale District Hospital,Atorvastatin 20mg,5088,0,313,10,4765,0
2024-06-01,Tatale District Hospital,Atorvastatin 20mg,4765,641,309,9,5088,0
2024-07-01,Tatale District Hospital,Atorvastatin 20mg,5088,0,309,24,4755,0
2024-08-01,Tatale District Hospital,Atorvastatin 20mg,4755,836,323,12,5256,0
2024-09-01,Tatale District Hospital,Atorvastatin 20mg,5256,0,248,33,4975,0
2024-10-01,Tatale District Hospital,Atorvastatin 20mg,4975,0,252,48,4675,0
2024-11-01,Tatale District Hospital,Atorvastatin 20mg,4675,0,257,41,4377,0
2024-12-01,Tatale District Hospital,Atorvastatin 20mg,4377,836,315,71,4827,0
2020-01-01,Tatale District Hospital,Bendroflumethiazide 2.5mg,991,0,406,14,571,0
2020-02-01,Tatale District Hospital,Bendroflumethiazide 2.5mg,571,0,404,4,163,0
2020-03-01,Tatale District Hospital,Bendroflumethiazide 2.5mg,163,0,441,0,0,0
2020-04-01,Tatale District Hospital,Bendroflumethiazide 2.5mg,0,0,402,0,0,14
2020-05-01,Tatale District Hospital,Bendroflumethiazide 2.5mg,0,0,448,0,0,11
2020-06-01,Tatale District Hospital,Bendroflumethiazide 2.5mg,0,1235,429,0,806,0
2020-07-01,Tatale District Hospital,Bendroflumethiazide 2.5mg,806,0,378,14,414,0
2020-08-01,Tatale District Hospital,Bendroflumethiazide 2.5mg,414,0,334,0,80,14
2020-09-01,Tatale District Hospital,Bendroflumethiazide 2.5mg,80,0,304,0,0,14
2020-10-01,Tatale District Hospital,Bendroflumethiazide 2.5mg,0,1001,333,0,668,0
2020-11-01,Tatale District Hospital,Bendroflumethiazide 2.5mg,668,0,311,9,348,0
2020-12-01,Tatale District Hospital,Bendroflumethiazide 2.5mg,348,1241,335,1,1253,0
2021-01-01,Tatale District Hospital,Bendroflumethiazide 2.5mg,1253,0,394,13,846,0
2021-02-01,Tatale District Hospital,Bendroflumethiazide 2.5mg,846,1158,398,1,1605,0
2021-03-01,Tatale District Hospital,Bendroflumethiazide 2.5mg,1605,0,372,11,1222,0
2021-04-01,Tatale District Hospital,Bendroflumethiazide 2.5mg,1222,1094,427,21,1868,0
2021-05-01,Tatale District Hospital,Bendroflumethiazide 2.5mg,1868,0,438,31,1399,0
2021-06-01,Tatale District Hospital,Bendroflumethiazide 2.5mg,1399,1294,350,6,2337,0
2021-07-01,Tatale District Hospital,Bendroflumethiazide 2.5mg,2337,0,348,27,1962,0
2021-08-01,Tatale District Hospital,Bendroflumethiazide 2.5mg,1962,1232,399,0,2795,0
2021-09-01,Tatale District Hospital,Bendroflumethiazide 2.5mg,2795,0,341,23,2431,0
2021-10-01,Tatale District Hospital,Bendroflumethiazide 2.5mg,2431,1261,326,41,3325,0
2021-11-01,Tatale District Hospital,Bendroflumethiazide 2.5mg,3325,0,325,25,2975,0
2021-12-01,Tatale District Hospital,Bendroflumethiazide 2.5mg,2975,1009,347,10,3627,0
2022-01-01,Tatale District Hospital,Bendroflumethiazide 2.5mg,3627,0,393,26,3208,0
2022-02-01,Tatale District Hospital,Bendroflumethiazide 2.5mg,3208,0,458,25,2725,0
2022-03-01,Tatale District Hospital,Bendroflumethiazide 2.5mg,2725,949,502,19,3153,0
2022-04-01,Tatale District Hospital,Bendroflumethiazide 2.5mg,3153,0,449,42,2662,0
2022-05-01,Tatale District Hospital,Bendroflumethiazide 2.5mg,2662,0,442,29,2191,0
2022-06-01,Tatale District Hospital,Bendroflumethiazide 2.5mg,2191,1032,405,2,2816,0
2022-07-01,Tatale District Hospital,Bendroflumethiazide 2.5mg,2816,0,375,33,2408,0
2022-08-01,Tatale District Hospital,Bendroflumethiazide 2.5mg,2408,947,328,38,2989,0
2022-09-01,Tatale District Hospital,Bendroflumethiazide 2.5mg,2989,0,360,18,2611,0
2022-10-01,Tatale District Hospital,Bendroflumethiazide 2.5mg,2611,1224,407,41,3387,0
2022-11-01,Tatale District Hospital,Bendroflumethiazide 2.5mg,3387,0,349,49,2989,0
2022-12-01,Tatale District Hospital,Bendroflumethiazide 2.5mg,2989,1026,339,0,3676,0
2023-01-01,Tatale District Hospital,Bendroflumethiazide 2.5mg,3676,0,450,45,3181,0
2023-02-01,Tatale District Hospital,Bendroflumethiazide 2.5mg,3181,972,425,3,3725,0
2023-03-01,Tatale District Hospital,Bendroflumethiazide 2.5mg,3725,0,393,46,3286,0
2023-04-01,Tatale District Hospital,Bendroflumethiazide 2.5mg,3286,0,487,47,2752,0
2023-05-01,Tatale District Hospital,Bendroflumethiazide 2.5mg,2752,0,483,33,2236,0
2023-06-01,Tatale District Hospital,Bendroflumethiazide 2.5mg,2236,1226,404,22,3036,0
2023-07-01,Tatale District Hospital,Bendroflumethiazide 2.5mg,3036,0,380,25,2631,0
2023-08-01,Tatale District Hospital,Bendroflumethiazide 2.5mg,2631,0,451,18,2162,0
2023-09-01,Tatale District Hospital,Bendroflumethiazide 2.5mg,2162,1191,392,41,2920,0
2023-10-01,Tatale District Hospital,Bendroflumethiazide 2.5mg,2920,973,435,11,3447,0
2023-11-01,Tatale District Hospital,Bendroflumethiazide 2.5mg,3447,0,335,24,3088,0
2023-12-01,Tatale District Hospital,Bendroflumethiazide 2.5mg,3088,981,402,19,3648,0
2024-01-01,Tatale District Hospital,Bendroflumethiazide 2.5mg,3648,0,406,54,3188,0
2024-02-01,Tatale District Hospital,Bendroflumethiazide 2.5mg,3188,1269,512,44,3901,0
2024-03-01,Tatale District Hospital,Bendroflumethiazide 2.5mg,3901,1117,436,5,4577,0
2024-04-01,Tatale District Hospital,Bendroflumethiazide 2.5mg,4577,0,421,51,4105,0
2024-05-01,Tatale District Hospital,Bendroflumethiazide 2.5mg,4105,0,540,33,3532,0
2024-06-01,Tatale District Hospital,Bendroflumethiazide 2.5mg,3532,962,523,48,3923,0
2024-07-01,Tatale District Hospital,Bendroflumethiazide 2.5mg,3923,0,473,77,3373,0
2024-08-01,Tatale District Hospital,Bendroflumethiazide 2.5mg,3373,1027,474,50,3876,0
2024-09-01,Tatale District Hospital,Bendroflumethiazide 2.5mg,3876,0,409,62,3405,0
2024-10-01,Tatale District Hospital,Bendroflumethiazide 2.5mg,3405,1043,349,61,4038,0
2024-11-01,Tatale District Hospital,Bendroflumethiazide 2.5mg,4038,0,364,44,3630,0
2024-12-01,Tatale District Hospital,Bendroflumethiazide 2.5mg,3630,1140,415,34,4321,0
2020-01-01,Tatale District Hospital,Nifedipine 20mg,775,0,240,11,524,0
2020-02-01,Tatale District Hospital,Nifedipine 20mg,524,0,265,4,255,0
2020-03-01,Tatale District Hospital,Nifedipine 20mg,255,809,255,4,805,0
2020-04-01,Tatale District Hospital,Nifedipine 20mg,805,657,318,7,1137,0
2020-05-01,Tatale District Hospital,Nifedipine 20mg,1137,0,284,10,843,0
2020-06-01,Tatale District Hospital,Nifedipine 20mg,843,893,268,14,1454,0
2020-07-01,Tatale District Hospital,Nifedipine 20mg,1454,0,252,15,1187,0
2020-08-01,Tatale District Hospital,Nifedipine 20mg,1187,738,227,14,1684,0
2020-09-01,Tatale District Hospital,Nifedipine 20mg,1684,0,262,4,1418,0
2020-10-01,Tatale District Hospital,Nifedipine 20mg,1418,0,247,18,1153,0
2020-11-01,Tatale District Hospital,Nifedipine 20mg,1153,0,220,19,914,0
2020-12-01,Tatale District Hospital,Nifedipine 20mg,914,701,214,16,1385,0
2021-01-01,Tatale District Hospital,Nifedipine 20mg,1385,0,232,2,1151,0
2021-02-01,Tatale District Hospital,Nifedipine 20mg,1151,780,280,20,1631,0
2021-03-01,Tatale District Hospital,Nifedipine 20mg,1631,0,303,10,1318,0
2021-04-01,Tatale District Hospital,Nifedipine 20mg,1318,0,279,25,1014,0
2021-05-01,Tatale District Hospital,Nifedipine 20mg,1014,0,313,13,688,0
2021-06-01,Tatale District Hospital,Nifedipine 20mg,688,711,323,13,1063,0
2021-07-01,Tatale District Hospital,Nifedipine 20mg,1063,0,290,14,759,0
2021-08-01,Tatale District Hospital,Nifedipine 20mg,759,0,280,13,466,0
2021-09-01,Tatale District Hospital,Nifedipine 20mg,466,0,263,7,196,0
2021-10-01,Tatale District Hospital,Nifedipine 20mg,196,0,218,1,0,0
2021-11-01,Tatale District Hospital,Nifedipine 20mg,0,0,269,0,0,0
2021-12-01,Tatale District Hospital,Nifedipine 20mg,0,850,223,0,627,0
2022-01-01,Tatale District Hospital,Nifedipine 20mg,627,0,327,0,300,0
2022-02-01,Tatale District Hospital,Nifedipine 20mg,300,655,295,2,658,0
2022-03-01,Tatale District Hospital,Nifedipine 20mg,658,792,355,10,1085,0
2022-04-01,Tatale District Hospital,Nifedipine 20mg,1085,788,352,13,1508,0
2022-05-01,Tatale District Hospital,Nifedipine 20mg,1508,0,264,17,1227,0
2022-06-01,Tatale District Hospital,Nifedipine 20mg,1227,761,287,6,1695,0
2022-07-01,Tatale District Hospital,Nifedipine 20mg,1695,0,314,26,1355,0
2022-08-01,Tatale District Hospital,Nifedipine 20mg,1355,0,306,8,1041,0
2022-09-01,Tatale District Hospital,Nifedipine 20mg,1041,0,278,20,743,0
2022-10-01,Tatale District Hospital,Nifedipine 20mg,743,840,251,2,1330,0
2022-11-01,Tatale District Hospital,Nifedipine 20mg,1330,0,255,9,1066,0
2022-12-01,Tatale District Hospital,Nifedipine 20mg,1066,859,307,20,1598,0
2023-01-01,Tatale District Hospital,Nifedipine 20mg,1598,0,301,27,1270,0
2023-02-01,Tatale District Hospital,Nifedipine 20mg,1270,817,358,5,1724,0
2023-03-01,Tatale District Hospital,Nifedipine 20mg,1724,0,371,1,1352,0
2023-04-01,Tatale District Hospital,Nifedipine 20mg,1352,0,297,25,1030,0
2023-05-01,Tatale District Hospital,Nifedipine 20mg,1030,0,293,16,721,0
2023-06-01,Tatale District Hospital,Nifedipine 20mg,721,799,299,6,1215,0
2023-07-01,Tatale District Hospital,Nifedipine 20mg,1215,0,310,21,884,0
2023-08-01,Tatale District Hospital,Nifedipine 20mg,884,720,274,17,1313,0
2023-09-01,Tatale District Hospital,Nifedipine 20mg,1313,821,236,9,1889,0
2023-10-01,Tatale District Hospital,Nifedipine 20mg,1889,668,248,18,2291,0
2023-11-01,Tatale District Hospital,Nifedipine 20mg,2291,0,265,1,2025,0
2023-12-01,Tatale District Hospital,Nifedipine 20mg,2025,746,317,13,2441,0
2024-01-01,Tatale District Hospital,Nifedipine 20mg,2441,0,327,48,2066,0
2024-02-01,Tatale District Hospital,Nifedipine 20mg,2066,799,295,34,2536,0
2024-03-01,Tatale District Hospital,Nifedipine 20mg,2536,0,380,21,2135,0
2024-04-01,Tatale District Hospital,Nifedipine 20mg,2135,0,330,23,1782,0
2024-05-01,Tatale District Hospital,Nifedipine 20mg,1782,0,338,18,1426,0
2024-06-01,Tatale District Hospital,Nifedipine 20mg,1426,705,283,20,1828,0
2024-07-01,Tatale District Hospital,Nifedipine 20mg,1828,0,327,31,1470,0
2024-08-01,Tatale District Hospital,Nifedipine 20mg,1470,0,320,19,1131,0
2024-09-01,Tatale District Hospital,Nifedipine 20mg,1131,785,289,7,1620,0
2024-10-01,Tatale District Hospital,Nifedipine 20mg,1620,0,280,31,1309,0
2024-11-01,Tatale District Hospital,Nifedipine 20mg,1309,0,261,1,1047,0
2024-12-01,Tatale District Hospital,Nifedipine 20mg,1047,688,289,20,1426,0
2020-01-01,Tatale District Hospital,Losartan 50mg,366,0,179,5,182,0
2020-02-01,Tatale District Hospital,Losartan 50mg,182,0,176,1,5,1
2020-03-01,Tatale District Hospital,Losartan 50mg,5,483,175,0,313,0
2020-04-01,Tatale District Hospital,Losartan 50mg,313,540,162,1,690,0
2020-05-01,Tatale District Hospital,Losartan 50mg,690,0,177,13,500,0
2020-06-01,Tatale District Hospital,Losartan 50mg,500,482,161,2,819,0
2020-07-01,Tatale District Hospital,Losartan 50mg,819,0,180,14,625,0
2020-08-01,Tatale District Hospital,Losartan 50mg,625,0,154,6,465,0
2020-09-01,Tatale District Hospital,Losartan 50mg,465,0,132,7,326,0
2020-10-01,Tatale District Hospital,Losartan 50mg,326,0,130,5,191,0
2020-11-01,Tatale District Hospital,Losartan 50mg,191,0,164,1,26,0
2020-12-01,Tatale District Hospital,Losartan 50mg,26,476,166,0,336,0
2021-01-01,Tatale District Hospital,Losartan 50mg,336,0,163,2,171,0
2021-02-01,Tatale District Hospital,Losartan 50mg,171,540,165,0,546,0
2021-03-01,Tatale District Hospital,Losartan 50mg,546,0,179,3,364,0
2021-04-01,Tatale District Hospital,Losartan 50mg,364,420,196,2,586,0
2021-05-01,Tatale District Hospital,Losartan 50mg,586,0,201,2,383,0
2021-06-01,Tatale District Hospital,Losartan 50mg,383,521,180,2,722,0
2021-07-01,Tatale District Hospital,Losartan 50mg,722,0,188,3,531,0
2021-08-01,Tatale District Hospital,Losartan 50mg,531,454,149,3,833,0
2021-09-01,Tatale District Hospital,Losartan 50mg,833,513,170,10,1166,0
2021-10-01,Tatale District Hospital,Losartan 50mg,1166,448,143,8,1463,0
2021-11-01,Tatale District Hospital,Losartan 50mg,1463,0,167,19,1277,0
2021-12-01,Tatale District Hospital,Losartan 50mg,1277,452,148,1,1580,0
2022-01-01,Tatale District Hospital,Losartan 50mg,1580,0,188,21,1371,0
2022-02-01,Tatale District Hospital,Losartan 50mg,1371,506,194,14,1669,0
2022-03-01,Tatale District Hospital,Losartan 50mg,1669,0,218,21,1430,0
2022-04-01,Tatale District Hospital,Losartan 50mg,1430,461,175,28,1688,0
2022-05-01,Tatale District Hospital,Losartan 50mg,1688,0,181,18,1489,0
2022-06-01,Tatale District Hospital,Losartan 50mg,1489,525,181,24,1809,0
2022-07-01,Tatale District Hospital,Losartan 50mg,1809,0,182,0,1627,0
2022-08-01,Tatale District Hospital,Losartan 50mg,1627,436,180,18,1865,0
2022-09-01,Tatale District Hospital,Losartan 50mg,1865,405,182,7,2081,0
2022-10-01,Tatale District Hospital,Losartan 50mg,2081,0,167,15,1899,0
2022-11-01,Tatale District Hospital,Losartan 50mg,1899,0,150,29,1720,0
2022-12-01,Tatale District Hospital,Losartan 50mg,1720,457,167,25,1985,0
2023-01-01,Tatale District Hospital,Losartan 50mg,1985,0,209,10,1766,0
2023-02-01,Tatale District Hospital,Losartan 50mg,1766,0,193,1,1572,0
2023-03-01,Tatale District Hospital,Losartan 50mg,1572,0,193,14,1365,0
2023-04-01,Tatale District Hospital,Losartan 50mg,1365,0,223,7,1135,0
2023-05-01,Tatale District Hospital,Losartan 50mg,1135,0,220,12,903,0
2023-06-01,Tatale District Hospital,Losartan 50mg,903,487,222,17,1151,0
2023-07-01,Tatale District Hospital,Losartan 50mg,1151,0,210,17,924,0
2023-08-01,Tatale District Hospital,Losartan 50mg,924,0,198,1,725,0
2023-09-01,Tatale District Hospital,Losartan 50mg,725,0,188,14,523,0
2023-10-01,Tatale District Hospital,Losartan 50mg,523,517,180,7,853,0
2023-11-01,Tatale District Hospital,Losartan 50mg,853,0,171,16,666,0
2023-12-01,Tatale District Hospital,Losartan 50mg,666,486,184,0,968,0
2024-01-01,Tatale District Hospital,Losartan 50mg,968,0,184,16,768,0
2024-02-01,Tatale District Hospital,Losartan 50mg,768,0,189,4,575,0
2024-03-01,Tatale District Hospital,Losartan 50mg,575,0,183,8,384,0
2024-04-01,Tatale District Hospital,Losartan 50mg,384,0,221,5,158,0
2024-05-01,Tatale District Hospital,Losartan 50mg,158,0,233,2,0,0
2024-06-01,Tatale District Hospital,Losartan 50mg,0,539,212,0,327,0
2024-07-01,Tatale District Hospital,Losartan 50mg,327,0,192,4,131,0
2024-08-01,Tatale District Hospital,Losartan 50mg,131,416,198,1,348,0
2024-09-01,Tatale District Hospital,Losartan 50mg,348,539,188,5,694,0
2024-10-01,Tatale District Hospital,Losartan 50mg,694,0,195,9,490,0
2024-11-01,Tatale District Hospital,Losartan 50mg,490,0,192,9,289,0
2024-12-01,Tatale District Hospital,Losartan 50mg,289,540,203,3,623,0
2020-01-01,Tatale District Hospital,Atenolol 50mg,720,0,340,3,377,0
2020-02-01,Tatale District Hospital,Atenolol 50mg,377,0,409,5,0,9
2020-03-01,Tatale District Hospital,Atenolol 50mg,0,1035,425,0,610,0
2020-04-01,Tatale District Hospital,Atenolol 50mg,610,0,421,3,186,0
2020-05-01,Tatale District Hospital,Atenolol 50mg,186,0,350,3,0,4
2020-06-01,Tatale District Hospital,Atenolol 50mg,0,1169,339,0,830,0
2020-07-01,Tatale District Hospital,Atenolol 50mg,830,0,362,2,466,0
2020-08-01,Tatale District Hospital,Atenolol 50mg,466,0,309,8,149,0
2020-09-01,Tatale District Hospital,Atenolol 50mg,149,913,363,0,699,0
2020-10-01,Tatale District Hospital,Atenolol 50mg,699,0,325,13,361,0
2020-11-01,Tatale District Hospital,Atenolol 50mg,361,0,304,1,56,0
2020-12-01,Tatale District Hospital,Atenolol 50mg,56,1026,325,0,757,0
2021-01-01,Tatale District Hospital,Atenolol 50mg,757,0,407,8,342,0
2021-02-01,Tatale District Hospital,Atenolol 50mg,342,1128,383,1,1086,0
2021-03-01,Tatale District Hospital,Atenolol 50mg,1086,0,378,6,702,0
2021-04-01,Tatale District Hospital,Atenolol 50mg,702,0,380,5,317,0
2021-05-01,Tatale District Hospital,Atenolol 50mg,317,0,368,3,0,0
2021-06-01,Tatale District Hospital,Atenolol 50mg,0,1074,328,0,746,0
2021-07-01,Tatale District Hospital,Atenolol 50mg,746,0,403,13,330,0
2021-08-01,Tatale District Hospital,Atenolol 50mg,330,0,313,4,13,9
2021-09-01,Tatale District Hospital,Atenolol 50mg,13,1105,357,0,761,0
2021-10-01,Tatale District Hospital,Atenolol 50mg,761,0,373,12,376,0
2021-11-01,Tatale District Hospital,Atenolol 50mg,376,0,320,5,51,3
2021-12-01,Tatale District Hospital,Atenolol 50mg,51,880,355,0,576,0
2022-01-01,Tatale District Hospital,Atenolol 50mg,576,0,371,8,197,0
2022-02-01,Tatale District Hospital,Atenolol 50mg,197,1101,390,0,908,0
2022-03-01,Tatale District Hospital,Atenolol 50mg,908,1048,460,8,1488,0
2022-04-01,Tatale District Hospital,Atenolol 50mg,1488,0,367,17,1104,0
2022-05-01,Tatale District Hospital,Atenolol 50mg,1104,0,429,7,668,0
2022-06-01,Tatale District Hospital,Atenolol 50mg,668,893,414,3,1144,0
2022-07-01,Tatale District Hospital,Atenolol 50mg,1144,0,428,7,709,0
2022-08-01,Tatale District Hospital,Atenolol 50mg,709,1080,381,8,1400,0
2022-09-01,Tatale District Hospital,Atenolol 50mg,1400,1056,336,19,2101,0
2022-10-01,Tatale District Hospital,Atenolol 50mg,2101,1113,323,6,2885,0
2022-11-01,Tatale District Hospital,Atenolol 50mg,2885,0,321,34,2530,0
2022-12-01,Tatale District Hospital,Atenolol 50mg,2530,987,362,13,3142,0
2023-01-01,Tatale District Hospital,Atenolol 50mg,3142,0,366,48,2728,0
2023-02-01,Tatale District Hospital,Atenolol 50mg,2728,0,425,20,2283,0
2023-03-01,Tatale District Hospital,Atenolol 50mg,2283,1205,417,32,3039,0
2023-04-01,Tatale District Hospital,Atenolol 50mg,3039,977,435,6,3575,0
2023-05-01,Tatale District Hospital,Atenolol 50mg,3575,0,485,24,3066,0
2023-06-01,Tatale District Hospital,Atenolol 50mg,3066,1044,380,44,3686,0
2023-07-01,Tatale District Hospital,Atenolol 50mg,3686,0,422,3,3261,0
2023-08-01,Tatale District Hospital,Atenolol 50mg,3261,1137,395,10,3993,0
2023-09-01,Tatale District Hospital,Atenolol 50mg,3993,937,367,64,4499,0
2023-10-01,Tatale District Hospital,Atenolol 50mg,4499,870,379,43,4947,0
2023-11-01,Tatale District Hospital,Atenolol 50mg,4947,0,401,9,4537,0
2023-12-01,Tatale District Hospital,Atenolol 50mg,4537,1032,413,81,5075,0
2024-01-01,Tatale District Hospital,Atenolol 50mg,5075,0,401,74,4600,0
2024-02-01,Tatale District Hospital,Atenolol 50mg,4600,0,470,30,4100,0
2024-03-01,Tatale District Hospital,Atenolol 50mg,4100,0,411,20,3669,0
2024-04-01,Tatale District Hospital,Atenolol 50mg,3669,0,404,30,3235,0
2024-05-01,Tatale District Hospital,Atenolol 50mg,3235,0,504,50,2681,0
2024-06-01,Tatale District Hospital,Atenolol 50mg,2681,945,405,9,3212,0
2024-07-01,Tatale District Hospital,Atenolol 50mg,3212,0,377,46,2789,0
2024-08-01,Tatale District Hospital,Atenolol 50mg,2789,889,432,25,3221,0
2024-09-01,Tatale District Hospital,Atenolol 50mg,3221,0,397,24,2800,0
2024-10-01,Tatale District Hospital,Atenolol 50mg,2800,0,391,26,2383,0
2024-11-01,Tatale District Hospital,Atenolol 50mg,2383,0,339,27,2017,0
2024-12-01,Tatale District Hospital,Atenolol 50mg,2017,966,418,35,2530,0
2020-01-01,Tatale District Hospital,Glibenclamide 5mg,608,0,245,4,359,0
2020-02-01,Tatale District Hospital,Glibenclamide 5mg,359,846,257,5,943,0
2020-03-01,Tatale District Hospital,Glibenclamide 5mg,943,840,298,2,1483,0
2020-04-01,Tatale District Hospital,Glibenclamide 5mg,1483,0,324,21,1138,0
2020-05-01,Tatale District Hospital,Glibenclamide 5mg,1138,0,277,0,861,0
2020-06-01,Tatale District Hospital,Glibenclamide 5mg,861,736,304,13,1280,0
2020-07-01,Tatale District Hospital,Glibenclamide 5mg,1280,0,240,16,1024,0
2020-08-01,Tatale District Hospital,Glibenclamide 5mg,1024,0,236,8,780,0
2020-09-01,Tatale District Hospital,Glibenclamide 5mg,780,753,234,9,1290,0
2020-10-01,Tatale District Hospital,Glibenclamide 5mg,1290,725,258,6,1751,0
2020-11-01,Tatale District Hospital,Glibenclamide 5mg,1751,0,215,6,1530,0
2020-12-01,Tatale District Hospital,Glibenclamide 5mg,1530,797,257,17,2053,0
2021-01-01,Tatale District Hospital,Glibenclamide 5mg,2053,0,235,20,1798,0
2021-02-01,Tatale District Hospital,Glibenclamide 5mg,1798,0,270,33,1495,0
2021-03-01,Tatale District Hospital,Glibenclamide 5mg,1495,0,331,4,1160,0
2021-04-01,Tatale District Hospital,Glibenclamide 5mg,1160,0,334,10,816,0
2021-05-01,Tatale District Hospital,Glibenclamide 5mg,816,0,256,9,551,0
2021-06-01,Tatale District Hospital,Glibenclamide 5mg,551,684,265,1,969,0
2021-07-01,Tatale District Hospital,Glibenclamide 5mg,969,0,249,10,710,0
2021-08-01,Tatale District Hospital,Glibenclamide 5mg,710,0,251,3,456,0
2021-09-01,Tatale District Hospital,Glibenclamide 5mg,456,662,243,1,874,0
2021-10-01,Tatale District Hospital,Glibenclamide 5mg,874,0,278,12,584,0
2021-11-01,Tatale District Hospital,Glibenclamide 5mg,584,0,231,2,351,0
2021-12-01,Tatale District Hospital,Glibenclamide 5mg,351,855,285,5,916,0
2022-01-01,Tatale District Hospital,Glibenclamide 5mg,916,0,312,2,602,0
2022-02-01,Tatale District Hospital,Glibenclamide 5mg,602,706,292,8,1008,0
2022-03-01,Tatale District Hospital,Glibenclamide 5mg,1008,782,269,13,1508,0
2022-04-01,Tatale District Hospital,Glibenclamide 5mg,1508,872,317,28,2035,0
2022-05-01,Tatale District Hospital,Glibenclamide 5mg,2035,0,292,8,1735,0
2022-06-01,Tatale District Hospital,Glibenclamide 5mg,1735,802,276,16,2245,0
2022-07-01,Tatale District Hospital,Glibenclamide 5mg,2245,0,271,40,1934,0
2022-08-01,Tatale District Hospital,Glibenclamide 5mg,1934,912,284,7,2555,0
2022-09-01,Tatale District Hospital,Glibenclamide 5mg,2555,872,228,38,3161,0
2022-10-01,Tatale District Hospital,Glibenclamide 5mg,3161,737,289,44,3565,0
2022-11-01,Tatale District Hospital,Glibenclamide 5mg,3565,0,294,30,3241,0
2022-12-01,Tatale District Hospital,Glibenclamide 5mg,3241,681,278,14,3630,0
2023-01-01,Tatale District Hospital,Glibenclamide 5mg,3630,0,261,39,3330,0
2023-02-01,Tatale District Hospital,Glibenclamide 5mg,3330,863,329,3,3861,0
2023-03-01,Tatale District Hospital,Glibenclamide 5mg,3861,0,324,33,3504,0
2023-04-01,Tatale District Hospital,Glibenclamide 5mg,3504,0,346,34,3124,0
2023-05-01,Tatale District Hospital,Glibenclamide 5mg,3124,0,321,14,2789,0
2023-06-01,Tatale District Hospital,Glibenclamide 5mg,2789,886,290,10,3375,0
2023-07-01,Tatale District Hospital,Glibenclamide 5mg,3375,0,313,22,3040,0
2023-08-01,Tatale District Hospital,Glibenclamide 5mg,3040,734,269,55,3450,0
2023-09-01,Tatale District Hospital,Glibenclamide 5mg,3450,0,282,4,3164,0
2023-10-01,Tatale District Hospital,Glibenclamide 5mg,3164,797,273,21,3667,0
2023-11-01,Tatale District Hospital,Glibenclamide 5mg,3667,0,298,5,3364,0
2023-12-01,Tatale District Hospital,Glibenclamide 5mg,3364,766,263,52,3815,0
2024-01-01,Tatale District Hospital,Glibenclamide 5mg,3815,0,286,40,3489,0
2024-02-01,Tatale District Hospital,Glibenclamide 5mg,3489,700,361,60,3768,0
2024-03-01,Tatale District Hospital,Glibenclamide 5mg,3768,0,349,18,3401,0
2024-04-01,Tatale District Hospital,Glibenclamide 5mg,3401,0,363,51,2987,0
2024-05-01,Tatale District Hospital,Glibenclamide 5mg,2987,0,352,5,2630,0
2024-06-01,Tatale District Hospital,Glibenclamide 5mg,2630,751,317,6,3058,0
2024-07-01,Tatale District Hospital,Glibenclamide 5mg,3058,0,354,44,2660,0
2024-08-01,Tatale District Hospital,Glibenclamide 5mg,2660,0,291,9,2360,0
2024-09-01,Tatale District Hospital,Glibenclamide 5mg,2360,0,318,32,2010,0
2024-10-01,Tatale District Hospital,Glibenclamide 5mg,2010,0,288,12,1710,0
2024-11-01,Tatale District Hospital,Glibenclamide 5mg,1710,0,298,14,1398,0
2024-12-01,Tatale District Hospital,Glibenclamide 5mg,1398,856,268,14,1972,0
2020-01-01,Tatale District Hospital,Soluble Aspirin 75mg,484,0,186,7,291,0
2020-02-01,Tatale District Hospital,Soluble Aspirin 75mg,291,0,228,2,61,0
2020-03-01,Tatale District Hospital,Soluble Aspirin 75mg,61,0,189,1,0,14
2020-04-01,Tatale District Hospital,Soluble Aspirin 75mg,0,0,234,0,0,7
2020-05-01,Tatale District Hospital,Soluble Aspirin 75mg,0,0,191,0,0,0
2020-06-01,Tatale District Hospital,Soluble Aspirin 75mg,0,577,212,0,365,0
2020-07-01,Tatale District Hospital,Soluble Aspirin 75mg,365,0,206,5,154,0
2020-08-01,Tatale District Hospital,Soluble Aspirin 75mg,154,0,159,1,0,0
2020-09-01,Tatale District Hospital,Soluble Aspirin 75mg,0,0,179,0,0,14
2020-10-01,Tatale District Hospital,Soluble Aspirin 75mg,0,629,162,0,467,0
2020-11-01,Tatale District Hospital,Soluble Aspirin 75mg,467,0,202,5,260,0
2020-12-01,Tatale District Hospital,Soluble Aspirin 75mg,260,626,193,2,691,0
2021-01-01,Tatale District Hospital,Soluble Aspirin 75mg,691,0,183,3,505,0
2021-02-01,Tatale District Hospital,Soluble Aspirin 75mg,505,679,243,9,932,0
2021-03-01,Tatale District Hospital,Soluble Aspirin 75mg,932,569,240,12,1249,0
2021-04-01,Tatale District Hospital,Soluble Aspirin 75mg,1249,493,242,13,1487,0
2021-05-01,Tatale District Hospital,Soluble Aspirin 75mg,1487,0,214,10,1263,0
2021-06-01,Tatale District Hospital,Soluble Aspirin 75mg,1263,654,221,23,1673,0
2021-07-01,Tatale District Hospital,Soluble Aspirin 75mg,1673,0,187,5,1481,0
2021-08-01,Tatale District Hospital,Soluble Aspirin 75mg,1481,0,208,17,1256,0
2021-09-01,Tatale District Hospital,Soluble Aspirin 75mg,1256,0,200,19,1037,0
2021-10-01,Tatale District Hospital,Soluble Aspirin 75mg,1037,666,191,4,1508,0
2021-11-01,Tatale District Hospital,Soluble Aspirin 75mg,1508,0,178,24,1306,0
2021-12-01,Tatale District Hospital,Soluble Aspirin 75mg,1306,515,203,4,1614,0
2022-01-01,Tatale District Hospital,Soluble Aspirin 75mg,1614,0,210,26,1378,0
2022-02-01,Tatale District Hospital,Soluble Aspirin 75mg,1378,520,259,10,1629,0
2022-03-01,Tatale District Hospital,Soluble Aspirin 75mg,1629,0,226,10,1393,0
2022-04-01,Tatale District Hospital,Soluble Aspirin 75mg,1393,616,241,4,1764,0
2022-05-01,Tatale District Hospital,Soluble Aspirin 75mg,1764,0,201,29,1534,0
2022-06-01,Tatale District Hospital,Soluble Aspirin 75mg,1534,664,213,4,1981,0
2022-07-01,Tatale District Hospital,Soluble Aspirin 75mg,1981,0,191,27,1763,0
2022-08-01,Tatale District Hospital,Soluble Aspirin 75mg,1763,0,211,14,1538,0
2022-09-01,Tatale District Hospital,Soluble Aspirin 75mg,1538,0,218,3,1317,0
2022-10-01,Tatale District Hospital,Soluble Aspirin 75mg,1317,590,193,12,1702,0
2022-11-01,Tatale District Hospital,Soluble Aspirin 75mg,1702,0,198,33,1471,0
2022-12-01,Tatale District Hospital,Soluble Aspirin 75mg,1471,496,179,11,1777,0
2023-01-01,Tatale District Hospital,Soluble Aspirin 75mg,1777,0,246,7,1524,0
2023-02-01,Tatale District Hospital,Soluble Aspirin 75mg,1524,0,244,24,1256,0
2023-03-01,Tatale District Hospital,Soluble Aspirin 75mg,1256,0,234,3,1019,0
2023-04-01,Tatale District Hospital,Soluble Aspirin 75mg,1019,580,257,18,1324,0
2023-05-01,Tatale District Hospital,Soluble Aspirin 75mg,1324,0,237,14,1073,0
2023-06-01,Tatale District Hospital,Soluble Aspirin 75mg,1073,675,257,11,1480,0
2023-07-01,Tatale District Hospital,Soluble Aspirin 75mg,1480,0,247,3,1230,0
2023-08-01,Tatale District Hospital,Soluble Aspirin 75mg,1230,0,183,12,1035,0
2023-09-01,Tatale District Hospital,Soluble Aspirin 75mg,1035,0,179,15,841,0
2023-10-01,Tatale District Hospital,Soluble Aspirin 75mg,841,497,221,4,1113,0
2023-11-01,Tatale District Hospital,Soluble Aspirin 75mg,1113,0,183,17,913,0
2023-12-01,Tatale District Hospital,Soluble Aspirin 75mg,913,516,227,8,1194,0
2024-01-01,Tatale District Hospital,Soluble Aspirin 75mg,1194,0,216,21,957,0
2024-02-01,Tatale District Hospital,Soluble Aspirin 75mg,957,509,263,5,1198,0
2024-03-01,Tatale District Hospital,Soluble Aspirin 75mg,1198,564,238,14,1510,0
2024-04-01,Tatale District Hospital,Soluble Aspirin 75mg,1510,567,274,21,1782,0
2024-05-01,Tatale District Hospital,Soluble Aspirin 75mg,1782,0,240,12,1530,0
2024-06-01,Tatale District Hospital,Soluble Aspirin 75mg,1530,533,276,23,1764,0
2024-07-01,Tatale District Hospital,Soluble Aspirin 75mg,1764,0,262,9,1493,0
2024-08-01,Tatale District Hospital,Soluble Aspirin 75mg,1493,0,215,6,1272,0
2024-09-01,Tatale District Hospital,Soluble Aspirin 75mg,1272,0,191,9,1072,0
2024-10-01,Tatale District Hospital,Soluble Aspirin 75mg,1072,0,227,8,837,0
2024-11-01,Tatale District Hospital,Soluble Aspirin 75mg,837,0,206,10,621,0
2024-12-01,Tatale District Hospital,Soluble Aspirin 75mg,621,641,252,4,1006,0
2020-01-01,Tatale District Hospital,Methyldopa 250mg,475,0,154,1,320,0
2020-02-01,Tatale District Hospital,Methyldopa 250mg,320,547,176,0,691,0
2020-03-01,Tatale District Hospital,Methyldopa 250mg,691,443,213,11,910,0
2020-04-01,Tatale District Hospital,Methyldopa 250mg,910,521,208,5,1218,0
2020-05-01,Tatale District Hospital,Methyldopa 250mg,1218,0,184,10,1024,0
2020-06-01,Tatale District Hospital,Methyldopa 250mg,1024,571,162,8,1425,0
2020-07-01,Tatale District Hospital,Methyldopa 250mg,1425,0,182,6,1237,0
2020-08-01,Tatale District Hospital,Methyldopa 250mg,1237,0,180,10,1047,0
2020-09-01,Tatale District Hospital,Methyldopa 250mg,1047,0,165,5,877,0
2020-10-01,Tatale District Hospital,Methyldopa 250mg,877,0,139,3,735,0
2020-11-01,Tatale District Hospital,Methyldopa 250mg,735,0,137,6,592,0
2020-12-01,Tatale District Hospital,Methyldopa 250mg,592,452,155,4,885,0
2021-01-01,Tatale District Hospital,Methyldopa 250mg,885,0,179,8,698,0
2021-02-01,Tatale District Hospital,Methyldopa 250mg,698,576,220,3,1051,0
2021-03-01,Tatale District Hospital,Methyldopa 250mg,1051,502,179,12,1362,0
2021-04-01,Tatale District Hospital,Methyldopa 250mg,1362,456,182,11,1625,0
2021-05-01,Tatale District Hospital,Methyldopa 250mg,1625,0,179,24,1422,0
2021-06-01,Tatale District Hospital,Methyldopa 250mg,1422,607,208,17,1804,0
2021-07-01,Tatale District Hospital,Methyldopa 250mg,1804,0,183,20,1601,0
2021-08-01,Tatale District Hospital,Methyldopa 250mg,1601,596,179,3,2015,0
2021-09-01,Tatale District Hospital,Methyldopa 250mg,2015,538,175,5,2373,0
2021-10-01,Tatale District Hospital,Methyldopa 250mg,2373,476,177,26,2646,0
2021-11-01,Tatale District Hospital,Methyldopa 250mg,2646,0,171,40,2435,0
2021-12-01,Tatale District Hospital,Methyldopa 250mg,2435,474,163,39,2707,0
2022-01-01,Tatale District Hospital,Methyldopa 250mg,2707,0,222,22,2463,0
2022-02-01,Tatale District Hospital,Methyldopa 250mg,2463,0,175,13,2275,0
2022-03-01,Tatale District Hospital,Methyldopa 250mg,2275,580,233,40,2582,0
2022-04-01,Tatale District Hospital,Methyldopa 250mg,2582,540,234,38,2850,0
2022-05-01,Tatale District Hospital,Methyldopa 250mg,2850,0,200,28,2622,0
2022-06-01,Tatale District Hospital,Methyldopa 250mg,2622,521,192,23,2928,0
2022-07-01,Tatale District Hospital,Methyldopa 250mg,2928,0,186,17,2725,0
2022-08-01,Tatale District Hospital,Methyldopa 250mg,2725,453,157,10,3011,0
2022-09-01,Tatale District Hospital,Methyldopa 250mg,3011,578,191,31,3367,0
2022-10-01,Tatale District Hospital,Methyldopa 250mg,3367,499,162,66,3638,0
2022-11-01,Tatale District Hospital,Methyldopa 250mg,3638,0,173,2,3463,0
2022-12-01,Tatale District Hospital,Methyldopa 250mg,3463,607,193,50,3827,0
2023-01-01,Tatale District Hospital,Methyldopa 250mg,3827,0,198,11,3618,0
2023-02-01,Tatale District Hospital,Methyldopa 250mg,3618,582,193,43,3964,0
2023-03-01,Tatale District Hospital,Methyldopa 250mg,3964,0,209,35,3720,0
2023-04-01,Tatale District Hospital,Methyldopa 250mg,3720,0,197,38,3485,0
2023-05-01,Tatale District Hospital,Methyldopa 250mg,3485,0,212,64,3209,0
2023-06-01,Tatale District Hospital,Methyldopa 250mg,3209,484,193,22,3478,0
2023-07-01,Tatale District Hospital,Methyldopa 250mg,3478,0,230,28,3220,0
2023-08-01,Tatale District Hospital,Methyldopa 250mg,3220,445,178,47,3440,0
2023-09-01,Tatale District Hospital,Methyldopa 250mg,3440,0,202,37,3201,0
2023-10-01,Tatale District Hospital,Methyldopa 250mg,3201,483,158,3,3523,0
2023-11-01,Tatale District Hospital,Methyldopa 250mg,3523,0,198,6,3319,0
2023-12-01,Tatale District Hospital,Methyldopa 250mg,3319,446,195,29,3541,0
2024-01-01,Tatale District Hospital,Methyldopa 250mg,3541,0,240,2,3299,0
2024-02-01,Tatale District Hospital,Methyldopa 250mg,3299,607,214,63,3629,0
2024-03-01,Tatale District Hospital,Methyldopa 250mg,3629,0,259,41,3329,0
2024-04-01,Tatale District Hospital,Methyldopa 250mg,3329,0,219,37,3073,0
2024-05-01,Tatale District Hospital,Methyldopa 250mg,3073,0,241,18,2814,0
2024-06-01,Tatale District Hospital,Methyldopa 250mg,2814,447,210,42,3009,0
2024-07-01,Tatale District Hospital,Methyldopa 250mg,3009,0,213,20,2776,0
2024-08-01,Tatale District Hospital,Methyldopa 250mg,2776,567,173,44,3126,0
2024-09-01,Tatale District Hospital,Methyldopa 250mg,3126,467,216,27,3350,0
2024-10-01,Tatale District Hospital,Methyldopa 250mg,3350,482,194,19,3619,0
2024-11-01,Tatale District Hospital,Methyldopa 250mg,3619,0,215,23,3381,0
2024-12-01,Tatale District Hospital,Methyldopa 250mg,3381,532,196,63,3654,0
2020-01-01,Tatale District Hospital,Hydralazine 25mg,429,0,161,7,261,0
2020-02-01,Tatale District Hospital,Hydralazine 25mg,261,553,194,1,619,0
2020-03-01,Tatale District Hospital,Hydralazine 25mg,619,512,217,11,903,0
2020-04-01,Tatale District Hospital,Hydralazine 25mg,903,0,191,4,708,0
2020-05-01,Tatale District Hospital,Hydralazine 25mg,708,0,173,6,529,0
2020-06-01,Tatale District Hospital,Hydralazine 25mg,529,600,169,6,954,0
2020-07-01,Tatale District Hospital,Hydralazine 25mg,954,0,157,1,796,0
2020-08-01,Tatale District Hospital,Hydralazine 25mg,796,609,196,11,1198,0
2020-09-01,Tatale District Hospital,Hydralazine 25mg,1198,0,188,18,992,0
2020-10-01,Tatale District Hospital,Hydralazine 25mg,992,601,189,9,1395,0
2020-11-01,Tatale District Hospital,Hydralazine 25mg,1395,0,182,18,1195,0
2020-12-01,Tatale District Hospital,Hydralazine 25mg,1195,641,170,4,1662,0
2021-01-01,Tatale District Hospital,Hydralazine 25mg,1662,0,205,24,1433,0
2021-02-01,Tatale District Hospital,Hydralazine 25mg,1433,0,229,16,1188,0
2021-03-01,Tatale District Hospital,Hydralazine 25mg,1188,0,238,13,937,0
2021-04-01,Tatale District Hospital,Hydralazine 25mg,937,546,238,18,1227,0
2021-05-01,Tatale District Hospital,Hydralazine 25mg,1227,0,226,17,984,0
2021-06-01,Tatale District Hospital,Hydralazine 25mg,984,643,185,9,1433,0
2021-07-01,Tatale District Hospital,Hydralazine 25mg,1433,0,201,11,1221,0
2021-08-01,Tatale District Hospital,Hydralazine 25mg,1221,580,161,9,1631,0
2021-09-01,Tatale District Hospital,Hydralazine 25mg,1631,513,168,8,1968,0
2021-10-01,Tatale District Hospital,Hydralazine 25mg,1968,0,196,12,1760,0
2021-11-01,Tatale District Hospital,Hydralazine 25mg,1760,0,180,32,1548,0
2021-12-01,Tatale District Hospital,Hydralazine 25mg,1548,550,205,21,1872,0
2022-01-01,Tatale District Hospital,Hydralazine 25mg,1872,0,198,5,1669,0
2022-02-01,Tatale District Hospital,Hydralazine 25mg,1669,0,225,14,1430,0
2022-03-01,Tatale District Hospital,Hydralazine 25mg,1430,613,194,5,1844,0
2022-04-01,Tatale District Hospital,Hydralazine 25mg,1844,0,195,7,1642,0
2022-05-01,Tatale District Hospital,Hydralazine 25mg,1642,0,195,22,1425,0
2022-06-01,Tatale District Hospital,Hydralazine 25mg,1425,485,217,9,1684,0
2022-07-01,Tatale District Hospital,Hydralazine 25mg,1684,0,219,12,1453,0
2022-08-01,Tatale District Hospital,Hydralazine 25mg,1453,619,196,0,1876,0
2022-09-01,Tatale District Hospital,Hydralazine 25mg,1876,0,176,36,1664,0
2022-10-01,Tatale District Hospital,Hydralazine 25mg,1664,0,180,14,1470,0
2022-11-01,Tatale District Hospital,Hydralazine 25mg,1470,0,174,20,1276,0
2022-12-01,Tatale District Hospital,Hydralazine 25mg,1276,492,210,13,1545,0
2023-01-01,Tatale District Hospital,Hydralazine 25mg,1545,0,209,29,1307,0
2023-02-01,Tatale District Hospital,Hydralazine 25mg,1307,599,228,8,1670,0
2023-03-01,Tatale District Hospital,Hydralazine 25mg,1670,0,247,8,1415,0
2023-04-01,Tatale District Hospital,Hydralazine 25mg,1415,0,268,19,1128,0
2023-05-01,Tatale District Hospital,Hydralazine 25mg,1128,0,224,8,896,0
2023-06-01,Tatale District Hospital,Hydralazine 25mg,896,642,246,0,1292,0
2023-07-01,Tatale District Hospital,Hydralazine 25mg,1292,0,202,20,1070,0
2023-08-01,Tatale District Hospital,Hydralazine 25mg,1070,0,223,19,828,0
2023-09-01,Tatale District Hospital,Hydralazine 25mg,828,523,205,15,1131,0
2023-10-01,Tatale District Hospital,Hydralazine 25mg,1131,580,206,11,1494,0
2023-11-01,Tatale District Hospital,Hydralazine 25mg,1494,0,194,18,1282,0
2023-12-01,Tatale District Hospital,Hydralazine 25mg,1282,470,213,1,1538,0
2024-01-01,Tatale District Hospital,Hydralazine 25mg,1538,0,225,0,1313,0
2024-02-01,Tatale District Hospital,Hydralazine 25mg,1313,582,254,19,1622,0
2024-03-01,Tatale District Hospital,Hydralazine 25mg,1622,579,272,0,1929,0
2024-04-01,Tatale District Hospital,Hydralazine 25mg,1929,569,210,37,2251,0
2024-05-01,Tatale District Hospital,Hydralazine 25mg,2251,0,210,36,2005,0
2024-06-01,Tatale District Hospital,Hydralazine 25mg,2005,546,252,3,2296,0
2024-07-01,Tatale District Hospital,Hydralazine 25mg,2296,0,235,30,2031,0
2024-08-01,Tatale District Hospital,Hydralazine 25mg,2031,536,232,34,2301,0
2024-09-01,Tatale District Hospital,Hydralazine 25mg,2301,529,187,26,2617,0
2024-10-01,Tatale District Hospital,Hydralazine 25mg,2617,0,219,40,2358,0
2024-11-01,Tatale District Hospital,Hydralazine 25mg,2358,0,201,7,2150,0
2024-12-01,Tatale District Hospital,Hydralazine 25mg,2150,590,201,8,2531,0
2020-01-01,Tatale District Hospital,Insulin Mixtard,1175,0,440,14,721,0
2020-02-01,Tatale District Hospital,Insulin Mixtard,721,0,428,7,286,0
2020-03-01,Tatale District Hospital,Insulin Mixtard,286,0,493,2,0,0
2020-04-01,Tatale District Hospital,Insulin Mixtard,0,0,465,0,0,2
2020-05-01,Tatale District Hospital,Insulin Mixtard,0,0,499,0,0,13
2020-06-01,Tatale District Hospital,Insulin Mixtard,0,1254,422,0,832,0
2020-07-01,Tatale District Hospital,Insulin Mixtard,832,0,369,7,456,0
2020-08-01,Tatale District Hospital,Insulin Mixtard,456,0,376,1,79,0
2020-09-01,Tatale District Hospital,Insulin Mixtard,79,1459,419,0,1119,0
2020-10-01,Tatale District Hospital,Insulin Mixtard,1119,1446,436,1,2128,0
2020-11-01,Tatale District Hospital,Insulin Mixtard,2128,0,358,24,1746,0
2020-12-01,Tatale District Hospital,Insulin Mixtard,1746,1485,462,10,2759,0
2021-01-01,Tatale District Hospital,Insulin Mixtard,2759,0,502,8,2249,0
2021-02-01,Tatale District Hospital,Insulin Mixtard,2249,0,436,35,1778,0
2021-03-01,Tatale District Hospital,Insulin Mixtard,1778,0,437,8,1333,0
2021-04-01,Tatale District Hospital,Insulin Mixtard,1333,0,439,19,875,0
2021-05-01,Tatale District Hospital,Insulin Mixtard,875,0,482,14,379,0
2021-06-01,Tatale District Hospital,Insulin Mixtard,379,1121,514,4,982,0
2021-07-01,Tatale District Hospital,Insulin Mixtard,982,0,386,8,588,0
2021-08-01,Tatale District Hospital,Insulin Mixtard,588,0,377,6,205,0
2021-09-01,Tatale District Hospital,Insulin Mixtard,205,1408,427,1,1185,0
2021-10-01,Tatale District Hospital,Insulin Mixtard,1185,1229,456,17,1941,0
2021-11-01,Tatale District Hospital,Insulin Mixtard,1941,0,441,3,1497,0
2021-12-01,Tatale District Hospital,Insulin Mixtard,1497,1095,449,10,2133,0
2022-01-01,Tatale District Hospital,Insulin Mixtard,2133,0,405,34,1694,0
2022-02-01,Tatale District Hospital,Insulin Mixtard,1694,1173,465,9,2393,0
2022-03-01,Tatale District Hospital,Insulin Mixtard,2393,1377,467,41,3262,0
2022-04-01,Tatale District Hospital,Insulin Mixtard,3262,0,489,37,2736,0
2022-05-01,Tatale District Hospital,Insulin Mixtard,2736,0,439,51,2246,0
2022-06-01,Tatale District Hospital,Insulin Mixtard,2246,1248,519,23,2952,0
2022-07-01,Tatale District Hospital,Insulin Mixtard,2952,0,511,38,2403,0
2022-08-01,Tatale District Hospital,Insulin Mixtard,2403,1184,501,7,3079,0
2022-09-01,Tatale District Hospital,Insulin Mixtard,3079,1090,409,11,3749,0
2022-10-01,Tatale District Hospital,Insulin Mixtard,3749,0,396,8,3345,0
2022-11-01,Tatale District Hospital,Insulin Mixtard,3345,0,380,9,2956,0
2022-12-01,Tatale District Hospital,Insulin Mixtard,2956,1320,435,40,3801,0
2023-01-01,Tatale District Hospital,Insulin Mixtard,3801,0,471,35,3295,0
2023-02-01,Tatale District Hospital,Insulin Mixtard,3295,0,582,52,2661,0
2023-03-01,Tatale District Hospital,Insulin Mixtard,2661,1065,506,38,3182,0
2023-04-01,Tatale District Hospital,Insulin Mixtard,3182,1105,582,33,3672,0
2023-05-01,Tatale District Hospital,Insulin Mixtard,3672,0,593,70,3009,0
2023-06-01,Tatale District Hospital,Insulin Mixtard,3009,1465,529,7,3938,0
2023-07-01,Tatale District Hospital,Insulin Mixtard,3938,0,536,42,3360,0
2023-08-01,Tatale District Hospital,Insulin Mixtard,3360,1374,499,33,4202,0
2023-09-01,Tatale District Hospital,Insulin Mixtard,4202,0,488,3,3711,0
2023-10-01,Tatale District Hospital,Insulin Mixtard,3711,0,420,18,3273,0
2023-11-01,Tatale District Hospital,Insulin Mixtard,3273,0,405,19,2849,0
2023-12-01,Tatale District Hospital,Insulin Mixtard,2849,1442,458,41,3792,0
2024-01-01,Tatale District Hospital,Insulin Mixtard,3792,0,507,61,3224,0
2024-02-01,Tatale District Hospital,Insulin Mixtard,3224,1185,572,29,3808,0
2024-03-01,Tatale District Hospital,Insulin Mixtard,3808,1478,632,68,4586,0
2024-04-01,Tatale District Hospital,Insulin Mixtard,4586,0,489,19,4078,0
2024-05-01,Tatale District Hospital,Insulin Mixtard,4078,0,593,40,3445,0
2024-06-01,Tatale District Hospital,Insulin Mixtard,3445,1316,566,19,4176,0
2024-07-01,Tatale District Hospital,Insulin Mixtard,4176,0,559,55,3562,0
2024-08-01,Tatale District Hospital,Insulin Mixtard,3562,0,434,32,3096,0
2024-09-01,Tatale District Hospital,Insulin Mixtard,3096,1094,506,20,3664,0
2024-10-01,Tatale District Hospital,Insulin Mixtard,3664,1090,424,11,4319,0
2024-11-01,Tatale District Hospital,Insulin Mixtard,4319,0,517,60,3742,0
2024-12-01,Tatale District Hospital,Insulin Mixtard,3742,1378,473,12,4635,0
2020-01-01,Tatale District Hospital,Insulin Actrapid,851,0,291,7,553,0
2020-02-01,Tatale District Hospital,Insulin Actrapid,553,1138,366,0,1325,0
2020-03-01,Tatale District Hospital,Insulin Actrapid,1325,899,374,12,1838,0
2020-04-01,Tatale District Hospital,Insulin Actrapid,1838,1078,395,9,2512,0
2020-05-01,Tatale District Hospital,Insulin Actrapid,2512,0,315,31,2166,0
2020-06-01,Tatale District Hospital,Insulin Actrapid,2166,1038,304,27,2873,0
2020-07-01,Tatale District Hospital,Insulin Actrapid,2873,0,353,50,2470,0
2020-08-01,Tatale District Hospital,Insulin Actrapid,2470,0,288,48,2134,0
2020-09-01,Tatale District Hospital,Insulin Actrapid,2134,0,328,27,1779,0
2020-10-01,Tatale District Hospital,Insulin Actrapid,1779,1128,295,16,2596,0
2020-11-01,Tatale District Hospital,Insulin Actrapid,2596,0,333,47,2216,0
2020-12-01,Tatale District Hospital,Insulin Actrapid,2216,1118,327,18,2989,0
2021-01-01,Tatale District Hospital,Insulin Actrapid,2989,0,308,36,2645,0
2021-02-01,Tatale District Hospital,Insulin Actrapid,2645,0,397,49,2199,0
2021-03-01,Tatale District Hospital,Insulin Actrapid,2199,951,360,5,2785,0
2021-04-01,Tatale District Hospital,Insulin Actrapid,2785,0,335,25,2425,0
2021-05-01,Tatale District Hospital,Insulin Actrapid,2425,0,424,17,1984,0
2021-06-01,Tatale District Hospital,Insulin Actrapid,1984,1129,382,28,2703,0
2021-07-01,Tatale District Hospital,Insulin Actrapid,2703,0,348,12,2343,0
2021-08-01,Tatale District Hospital,Insulin Actrapid,2343,0,382,10,1951,0
2021-09-01,Tatale District Hospital,Insulin Actrapid,1951,922,365,22,2486,0
2021-10-01,Tatale District Hospital,Insulin Actrapid,2486,1089,311,44,3220,0
2021-11-01,Tatale District Hospital,Insulin Actrapid,3220,0,326,41,2853,0
2021-12-01,Tatale District Hospital,Insulin Actrapid,2853,1084,307,35,3595,0
2022-01-01,Tatale District Hospital,Insulin Actrapid,3595,0,413,19,3163,0
2022-02-01,Tatale District Hospital,Insulin Actrapid,3163,974,342,53,3742,0
2022-03-01,Tatale District Hospital,Insulin Actrapid,3742,1086,398,36,4394,0
2022-04-01,Tatale District Hospital,Insulin Actrapid,4394,1095,432,17,5040,0
2022-05-01,Tatale District Hospital,Insulin Actrapid,5040,0,406,29,4605,0
2022-06-01,Tatale District Hospital,Insulin Actrapid,4605,1027,411,42,5179,0
2022-07-01,Tatale District Hospital,Insulin Actrapid,5179,0,374,101,4704,0
2022-08-01,Tatale District Hospital,Insulin Actrapid,4704,0,399,68,4237,0
2022-09-01,Tatale District Hospital,Insulin Actrapid,4237,1128,386,80,4899,0
2022-10-01,Tatale District Hospital,Insulin Actrapid,4899,910,311,14,5484,0
2022-11-01,Tatale District Hospital,Insulin Actrapid,5484,0,325,99,5060,0
2022-12-01,Tatale District Hospital,Insulin Actrapid,5060,1034,384,59,5651,0
2023-01-01,Tatale District Hospital,Insulin Actrapid,5651,0,418,87,5146,0
2023-02-01,Tatale District Hospital,Insulin Actrapid,5146,0,367,43,4736,0
2023-03-01,Tatale District Hospital,Insulin Actrapid,4736,1152,474,55,5359,0
2023-04-01,Tatale District Hospital,Insulin Actrapid,5359,1053,387,78,5947,0
2023-05-01,Tatale District Hospital,Insulin Actrapid,5947,0,453,10,5484,0
2023-06-01,Tatale District Hospital,Insulin Actrapid,5484,1136,444,55,6121,0
2023-07-01,Tatale District Hospital,Insulin Actrapid,6121,0,447,68,5606,0
2023-08-01,Tatale District Hospital,Insulin Actrapid,5606,1082,389,24,6275,0
2023-09-01,Tatale District Hospital,Insulin Actrapid,6275,941,391,31,6794,0
2023-10-01,Tatale District Hospital,Insulin Actrapid,6794,0,363,25,6406,0
2023-11-01,Tatale District Hospital,Insulin Actrapid,6406,0,400,12,5994,0
2023-12-01,Tatale District Hospital,Insulin Actrapid,5994,1036,362,105,6563,0
2024-01-01,Tatale District Hospital,Insulin Actrapid,6563,0,362,27,6174,0
2024-02-01,Tatale District Hospital,Insulin Actrapid,6174,1039,448,82,6683,0
2024-03-01,Tatale District Hospital,Insulin Actrapid,6683,1069,426,54,7272,0
2024-04-01,Tatale District Hospital,Insulin Actrapid,7272,1128,480,102,7818,0
2024-05-01,Tatale District Hospital,Insulin Actrapid,7818,0,467,1,7350,0
2024-06-01,Tatale District Hospital,Insulin Actrapid,7350,1045,403,116,7876,0
2024-07-01,Tatale District Hospital,Insulin Actrapid,7876,0,350,74,7452,0
2024-08-01,Tatale District Hospital,Insulin Actrapid,7452,875,368,10,7949,0
2024-09-01,Tatale District Hospital,Insulin Actrapid,7949,0,358,64,7527,0
2024-10-01,Tatale District Hospital,Insulin Actrapid,7527,0,334,52,7141,0
2024-11-01,Tatale District Hospital,Insulin Actrapid,7141,0,343,58,6740,0
2024-12-01,Tatale District Hospital,Insulin Actrapid,6740,1107,392,1,7454,0
